{
  "markov": {
    "rmse": 49.107055740596394,
    "mae": 37.09722294588334,
    "mape": 31.380863664934505,
    "r2_score": 0.30671829476300083,
    "directional_accuracy": 73.46315387552501,
    "late_prediction_penalty": 24.609517645132897,
    "prognostic_horizon": {
      "horizon_10": {
        "rmse": 31.52307656325238,
        "mae": 31.50913301376456,
        "mape": 353.02778695371126,
        "n_samples": 17
      },
      "horizon_20": {
        "rmse": 26.405947618766284,
        "mae": 25.816893724727763,
        "mape": 189.27417959443304,
        "n_samples": 123
      },
      "horizon_30": {
        "rmse": 28.357314169317302,
        "mae": 23.671204317376688,
        "mape": 125.55376154049844,
        "n_samples": 332
      }
    }
  },
  "hmm": {
    "rmse": 68.80503303176535,
    "mae": 56.63201110157095,
    "mape": 47.049391266704035,
    "r2_score": -0.3610132790213061,
    "directional_accuracy": 33.19587628865979,
    "late_prediction_penalty": 0.0,
    "prognostic_horizon": {
      "horizon_10": {
        "rmse": 9.107204646354898,
        "mae": 9.058823529411764,
        "mape": 99.99999988832866,
        "n_samples": 17
      },
      "horizon_20": {
        "rmse": 15.573942401158204,
        "mae": 15.146181231177348,
        "mape": 99.95648415299826,
        "n_samples": 123
      },
      "horizon_30": {
        "rmse": 27.262898133933817,
        "mae": 22.360942214860973,
        "mape": 102.15996731210733,
        "n_samples": 332
      }
    }
  }
}